{"cameraMode":{"drawMode":0,"name":"Shaded","section":"Shading Mode"},"sceneLighting":false,"audioPlay":false,"sceneViewState":{"m_AlwaysRefresh":false,"showFog":true,"showSkybox":false,"showFlares":true,"showImageEffects":true,"showParticleSystems":true,"showVisualEffectGraphs":true,"m_FxEnabled":true},"in2DMode":false,"pivot":{"x":1.6098475456237794,"y":0.7431027293205261,"z":-1.2758972644805909},"rotation":{"x":-0.11101791262626648,"y":0.7477800846099854,"z":-0.12936991453170777,"w":-0.6416977643966675},"size":1.8387681245803834,"orthographic":false}