{"cameraMode":{"drawMode":0,"name":"Shaded","section":"Shading Mode"},"sceneLighting":false,"audioPlay":false,"sceneViewState":{"m_AlwaysRefresh":false,"showFog":true,"showSkybox":false,"showFlares":true,"showImageEffects":true,"showParticleSystems":true,"showVisualEffectGraphs":true,"m_FxEnabled":true},"in2DMode":false,"pivot":{"x":-0.2500004768371582,"y":0.4199046194553375,"z":1.261176586151123},"rotation":{"x":0.039372071623802188,"y":-0.6400763392448425,"z":0.032867517322301868,"w":0.7666069269180298},"size":0.9959726333618164,"orthographic":false}